index	BFS_open	BFS_closed	BFS_depth	DFS_open	DFS_closed	DFS_depth	A*_open	A*_closed	A*_depth
0	17969	41140	20	2967	4049	3964	66586	111426	212
1	20271	40802	21	31344	44797	43477	39839	58800	251
2	32729	104586	24	42673	62772	60398	4795	6458	508
3	32175	169822	27	37438	54230	52435	63399	103566	111
4	29969	91325	23	46445	69047	66233	48231	73454	685
5	32764	157352	27	29954	42727	41471	49776	76219	283
6	32175	131104	25	1885	2576	2525	20426	28408	239
7	32729	154022	26	30787	43933	42638	39860	58722	318
8	21061	50689	21	70467	118792	108001	22719	31774	189
9	32725	157810	26	31366	44901	43526	26600	37810	290
10	20553	43271	21	24300	34165	33257	72205	140586	141
11	32766	116900	25	3033	4127	4041	72184	137838	591
12	4320	7615	16	48791	73107	69970	72412	149144	140
13	26612	73978	22	73428	130182	114098	71223	128645	296
14	21202	53118	21	1773	2387	2341	17680	24426	317
15	16594	33607	20	15259	21146	20640	2638	3550	204
16	26218	63037	22	62684	99821	93666	66874	112663	310
17	16284	31136	20	57158	88782	84138	54982	86251	726
18	20185	39713	21	47301	70697	67823	10648	14515	97
19	32175	170973	27	5356	7280	7127	2364	3136	121
20	1213	1935	13	3599	4892	4789	41286	60981	251
21	32729	149212	26	71463	122074	109964	27252	38726	238
22	706	1154	12	29165	41524	40300	70623	125708	264
23	4881	7469	17	40256	58826	56743	12453	16920	117
24	32765	126540	25	69789	116516	106767	50842	77720	189
25	32727	147961	26	73162	128814	113282	71294	129077	180
26	22993	55649	21	32303	46330	44921	66083	110291	159
27	32766	177022	29	67235	109946	101909	26872	38286	311
28	32729	171096	28	57379	88915	84130	38670	56744	628
29	32729	117582	24	73482	133831	114134	69092	118930	168
30	32728	180760	30	43847	64588	62260	69953	122136	174
31	21110	51833	21	15004	20792	20299	33851	48974	337
32	32727	142925	26	58899	92117	87078	37848	55571	142
33	26510	66510	22	10105	13819	13508	67555	114506	230
34	32765	169417	27	61729	97814	91961	57582	90620	289
35	8523	14546	18	42576	62695	60394	31741	45813	136
36	32175	148232	25	169	215	213	51475	78724	237
37	29973	93032	23	2735	3716	3639	56494	88584	173
38	12090	23744	19	26373	37315	36289	34730	50502	85
39	29965	72387	23	58865	91841	86695	1569	2085	99
40	32725	118654	24	1488	1994	1956	46766	70594	366
41	32764	124650	25	18622	25880	25243	21367	29811	329
42	32175	134737	25	49252	73910	70695	67651	114586	143
43	32729	121929	24	47188	70289	67380	25513	36084	118
44	32729	121331	24	72717	126773	112552	72412	145307	766
45	21369	54719	21	20183	28087	27393	61589	99290	165
46	32728	146874	26	10353	14179	13860	72051	135921	452
47	32763	133159	25	44827	66505	63953	18990	26300	257
48	29973	76406	23	12030	16549	16157	1618	2160	65
49	26828	76239	22	39966	58427	56390	23700	33381	156
50	20690	45637	21	28081	39865	38721	15132	20845	103
51	5989	10966	17	42387	62158	59983	68379	116973	381
52	8800	15384	18	73745	133305	114498	21261	29733	600
53	20650	44701	21	31479	45069	43689	49049	74642	109
54	32766	176889	29	24708	34759	33829	60348	96702	265
55	32728	122672	24	73091	128582	113372	54628	85050	292
56	32727	176734	28	23156	32419	31588	72107	146868	242
57	26738	75966	22	1363	1835	1798	5041	6823	286
58	32725	151037	26	5621	7625	7466	1248	1650	134
59	32727	108877	24	24930	35131	34196	54684	85647	166
60	32727	149412	26	6816	9275	9082	48052	73066	422
61	32727	115587	24	68680	113512	104718	63920	104875	234
62	32763	124078	25	10521	14389	14063	56208	88032	265
63	19970	38374	21	2866	3893	3813	2219	2966	105
64	32765	134527	25	32665	46893	45437	70686	125018	477
65	29970	94350	23	38348	55455	53721	58470	92736	263
66	8281	13757	18	47875	71695	68752	38122	56033	210
67	11771	22536	19	66725	108759	100993	2917	3905	89
68	21103	51716	21	24885	35008	34071	58770	93397	187
69	689	1126	12	61953	98134	92388	41930	62329	294
70	32764	159771	27	73568	143737	111489	71081	128634	417
71	4100	6874	16	42598	62728	60426	32747	47385	224
72	32725	160904	26	12917	17770	17344	41873	62228	92
73	32765	159062	27	69155	114676	105565	47963	72509	189
74	29973	80958	23	64438	103578	96779	71922	129408	185
75	32763	181245	31	19747	27469	26789	26955	38277	155
76	29976	89745	23	1364	1820	1785	22012	30738	135
77	12646	26432	19	71016	120118	109153	59789	95535	129
78	32727	118690	24	3881	5264	5154	42777	63967	204
79	12384	25141	19	49073	73696	70611	27318	38681	303
80	29973	75047	23	72338	124940	111757	59856	95359	215
81	32727	157886	26	10254	14023	13706	71315	129134	198
82	21335	54363	21	64839	104470	97243	23519	32967	473
83	11363	20643	19	19689	27391	26711	26751	37826	197
84	32765	135975	25	13847	19084	18627	46887	70676	367
85	11345	20574	19	28698	40819	39637	14539	19894	205
86	26667	70931	22	26997	38224	37162	61203	98792	292
87	29970	84389	23	66996	109441	101491	68588	117775	253
88	32725	154570	26	48679	73038	70000	5450	7327	160
89	14491	32021	19	62275	98969	92663	19080	26404	129
90	12904	22594	19	33485	48147	46653	40905	60323	283
91	22888	54233	21	69862	116999	106813	47464	71569	171
92	18110	41521	20	73479	131335	113980	24043	33881	124
93	32766	131832	25	13779	18976	18527	4149	5629	225
94	32764	159852	27	128	164	163	24397	34313	151
95	1391	2374	13	50610	76403	72943	60176	96399	77
96	29973	85296	23	41247	60494	58325	28627	40884	185
97	2303	3703	15	69761	116433	106703	35384	51434	449
98	29976	93195	23	42030	61816	59567	68607	117075	251
99	26713	71779	22	32296	46338	44902	42402	63369	136
100	21110	51577	21	46590	69293	66463	10006	13483	159
101	8523	14559	18	51367	77811	74346	12285	16916	92
102	32727	104528	24	51033	77325	73952	53155	82705	190
103	20553	43266	21	35985	51745	50187	13741	19061	173
104	17663	37655	20	71668	122859	110428	48705	74228	196
105	5723	10099	17	17215	23863	23269	25198	35504	113
106	14190	29774	19	69558	116250	106239	72379	139421	505
107	32175	93117	23	6963	9500	9289	71364	129802	103
108	32764	158023	27	49714	74688	71429	21550	30069	173
109	32764	166720	27	70297	118162	107667	44875	67382	417
110	32763	179030	29	59241	92756	87625	51642	79361	349
111	5553	9569	17	47336	70745	67871	7069	9520	115
112	32766	164716	27	60643	95456	90061	25320	35936	145
113	32725	100192	24	9930	13574	13274	17218	23815	72
114	32729	114067	24	67756	111660	102818	3622	4878	84
115	4221	7372	16	61782	97806	91710	34450	49924	396
116	32764	128984	25	52096	79096	75373	37110	54160	387
117	8756	15242	18	20097	27964	27272	45602	68762	122
118	17564	39410	20	35328	50985	49356	28950	41257	186
119	32728	120319	24	28263	40068	38964	53563	83031	202
120	22993	55630	21	40078	58508	56447	63480	103709	73
121	32729	121488	24	3981	5402	5288	47616	72260	134
122	26729	72258	22	17900	24862	24244	70979	127696	210
123	32763	178051	29	67611	110984	102713	37064	54146	221
124	32728	123101	24	8041	10955	10720	16888	23555	324
125	23085	57838	21	61730	97680	91609	24011	33729	161
126	32175	85241	23	50440	76049	72641	6991	9357	73
127	32765	163814	27	50105	75703	72417	4843	6508	209
128	9746	18856	18	14950	20720	20230	2412	3241	148
129	32175	94214	23	54815	83998	79817	58470	92740	211
130	32766	137333	25	73827	135888	114837	64354	105888	325
131	29969	95337	23	68318	113017	103855	12556	17073	499
132	26385	64948	22	16180	22384	21840	26949	38322	274
133	32727	146255	26	71249	121475	109646	33649	48825	138
134	11571	21605	19	28896	41104	39909	10941	14922	149
135	32175	169317	27	28365	40306	39145	69199	119406	259
136	26746	73377	22	30602	43739	42420	3859	5178	134
137	32725	160584	26	49702	74912	71694	67745	115085	118
138	32175	134093	25	37193	53855	52077	41410	61184	343
139	29973	75946	23	69455	115539	106121	59066	93707	151
140	32727	102460	24	55412	85403	81182	11334	15514	168
141	4149	7159	16	23448	32933	32066	8952	12191	168
142	26554	72271	22	4073	5534	5418	54518	84849	280
143	32727	113488	24	72620	126191	112238	47809	72638	334
144	32725	104761	24	20231	28153	27458	54231	84431	156
145	29970	94066	23	66864	109114	101219	49535	75520	153
146	4182	7250	16	7449	10181	9954	70842	126230	754
147	32766	160610	27	36275	52174	50603	66676	111760	117
148	2203	3453	15	73878	140944	112879	18242	25259	87
149	32727	106302	24	57978	90424	85536	56440	89185	222
150	32175	138553	25	53398	81478	77523	72269	138277	605
151	32763	120169	25	54493	83646	79639	14510	19938	191
152	32725	110590	24	9474	12941	12656	26016	36918	198
153	32729	155094	26	73568	140208	113120	29396	41966	168
154	29969	87948	23	25502	35978	35007	663	879	113
155	12701	26663	19	2839	3857	3777	1096	1466	75
156	26798	74867	22	23340	32692	31852	9094	12392	188
157	32175	103638	23	68254	112880	103743	28789	40934	269
158	20012	38422	21	29482	41832	40685	63084	102691	389
159	32729	160203	26	25989	36716	35712	17671	24606	294
160	17071	34558	20	25350	35776	34812	16922	23365	178
161	32728	102991	24	32562	46422	45124	71294	129052	254
162	26813	78902	22	51507	78157	74720	59062	94196	226
163	26612	73895	22	26342	37150	36156	55470	86659	256
164	32175	135240	25	9553	13076	12785	7951	10665	293
165	32766	180350	29	60650	95468	90073	25311	35924	133
166	4610	8411	16	2658	3608	3534	46395	70146	158
167	29955	72025	23	25333	35755	34791	53167	82097	151
168	11507	21283	19	43780	64644	62121	67335	113796	347
169	32765	168900	27	15465	21331	20821	65426	108099	279
170	22091	44727	21	54681	83770	79609	23057	32331	189
171	32727	157632	26	44011	65131	62660	70602	125663	158
172	32764	157926	27	6231	8483	8301	69009	119321	433
173	12582	26141	19	17910	24877	24259	56354	88296	153
174	32765	177020	29	19727	27442	26761	3997	5376	101
175	32763	135450	25	43252	63875	61479	16410	22620	257
176	21068	50953	21	26410	37375	36347	4353	5878	225
177	29976	86862	23	34211	49236	47689	70274	123138	369
178	29969	93372	23	35836	51765	50095	16548	22780	411
179	11301	20365	19	43796	64792	62337	19326	26783	377
180	32764	162493	27	10221	14033	13723	61029	98395	423
181	17143	37337	20	670	890	874	3946	5355	44
182	20298	40961	21	57176	88824	84175	34402	49828	269
183	20676	45358	21	65458	105844	98415	65188	107866	701
184	32764	165562	27	55277	84831	80593	57649	91295	185
185	32728	153219	26	73417	130138	114066	57816	91361	260
186	32766	119924	25	45894	68182	65583	17951	25065	197
187	32727	145143	26	4260	5762	5642	58811	93834	152
188	32728	158408	26	67853	111683	103046	31090	44703	328
189	32729	106073	24	32404	46468	45056	7975	10804	38
190	32725	99151	24	71351	121721	109838	63595	104124	238
191	32725	103208	24	21791	30451	29684	72563	140546	158
192	12634	26364	19	66062	107241	99759	26029	36824	421
193	22464	48729	21	49872	74988	71687	13240	18050	197
194	32729	110919	24	27368	38797	37692	60976	98300	710
195	29973	81886	23	12178	16759	16361	72203	132233	429
196	17794	38829	20	59378	93035	87854	72107	138891	158
197	32766	132829	25	64534	103825	97001	64501	106254	297
198	32727	143718	26	42889	63230	60880	64519	106230	276
199	32725	176792	28	49165	73862	70762	59221	94467	252
200	32175	98946	23	6870	9362	9153	35630	51642	145
201	32765	125037	25	71411	121890	109959	20407	28386	203
202	32729	112151	24	61340	96884	90928	63973	105053	152
203	32175	171303	27	15994	22178	21651	6706	8973	277
204	32175	165117	27	6046	8237	8059	62820	102271	323
205	8759	15422	18	14816	20437	19946	53970	83780	184
206	32175	129586	25	70858	120328	108805	13732	18754	473
207	32763	136165	25	54606	83850	79827	9487	12852	239
208	32175	180400	29	27585	39139	38013	18729	25901	167
209	18234	42409	20	73879	137789	114412	61873	100187	376
210	32764	131473	25	72479	125862	112077	65491	108597	121
211	32175	89885	23	26498	37454	36423	60637	97355	497
212	29969	77942	23	64872	104556	97305	2962	3941	243
213	32763	156553	27	73344	131283	113713	25860	36561	313
214	32727	101519	24	67629	111072	102752	65615	108991	312
215	32725	148113	26	73569	131738	114170	10229	13844	372
216	29973	77472	23	21913	30625	29855	58532	92626	203
217	20252	40638	21	51319	77826	74419	22695	31746	187
218	26772	74714	22	49758	75013	71788	486	639	84
219	32175	170489	27	73467	133103	114113	70231	123166	181
220	32765	121204	25	2685	3647	3573	19626	27249	159
221	32728	150137	26	73827	136353	114748	13534	18743	158
222	32766	121464	25	59502	93118	88063	34666	50380	161
223	32764	128474	25	67908	111988	103107	56059	88078	153
224	9287	17108	18	69032	114407	105338	55800	87940	190
225	29976	91232	23	13713	18880	18429	16807	23188	155
226	32727	104783	24	20698	28846	28126	51865	80244	126
227	29976	92276	23	61875	98112	92207	23269	32605	315
228	32725	98767	24	15370	21193	20686	63503	103921	226
229	20759	46474	21	52423	79675	75899	49862	76383	455
230	32763	162681	27	73249	129087	113507	62404	101181	249
231	32175	97108	23	35963	51954	50279	3362	4471	65
232	32175	99058	23	28590	40666	39487	62725	102038	259
233	32763	128597	25	19475	27085	26419	67812	114902	185
234	32728	158425	26	61244	96708	91132	71075	127681	176
235	9707	18718	18	69098	114563	105462	72346	134107	344
236	32765	167488	27	51517	78178	74741	70574	124491	395
237	32766	134200	25	52290	79530	75879	40163	59389	101
238	32765	157185	27	25045	35314	34373	40610	59853	151
239	32725	106465	24	47959	71826	68872	66450	111553	88
240	3623	5555	16	1329	1790	1754	12368	16945	180
241	32763	136407	25	42291	62218	59945	68146	115847	49
242	5803	10357	17	30417	43441	42153	47755	72294	313
243	29976	80142	23	62044	98461	92511	33301	48071	165
244	26761	78368	22	18867	26248	25602	12180	16759	86
245	4207	7308	16	73827	138086	114568	14405	19984	168
246	32725	115038	24	51646	78420	74962	64052	105108	312
247	32766	123194	25	65731	106401	99103	70031	122486	309
248	32725	154349	26	41466	60863	58660	71252	126761	172
249	29970	81805	23	14575	20086	19607	68466	117216	379
250	29965	73007	23	29781	42481	41231	72105	137921	603
251	32727	102613	24	14025	19315	18854	10964	15002	92
252	32729	154310	26	60590	95287	89624	41125	60840	488
253	29970	74385	23	62508	99241	93327	51169	78554	131
254	32725	175350	28	58503	91404	86432	52170	80504	270
255	6108	9780	17	73257	130354	113659	19693	27320	97
256	32729	105280	24	43209	63678	61238	10295	14050	228
257	29970	75772	23	73827	136775	114745	26991	38496	177
258	32728	174526	28	20675	28813	28096	4813	6521	88
259	20644	44953	21	39461	57291	55437	12988	17955	135
260	26523	67839	22	72987	127703	112996	14746	20201	126
261	32175	138983	25	58407	90906	85899	52574	80862	201
262	26519	66903	22	30039	42856	41590	47295	71711	268
263	29976	85327	23	23173	32446	31615	64240	105486	237
264	26107	59577	22	49320	74152	71030	41863	62448	422
265	13457	25471	19	40010	58406	56347	72113	134655	565
266	32766	124512	25	53291	81394	77563	29401	42143	167
267	4172	7058	16	72347	125317	111706	45494	68583	110
268	32763	138294	25	46149	68695	65995	42119	62444	391
269	32725	148428	26	31363	44895	43520	26595	37804	284
270	7235	13441	17	19298	26813	26157	19243	26652	85
271	32764	165974	27	37549	54418	52611	47950	72888	283
272	32729	154239	26	9536	13049	12758	58262	92445	154
273	32728	159863	26	33866	48438	47078	71844	133382	292
274	32729	158042	26	66999	109699	101332	65130	107850	242
275	20650	45091	21	47711	71254	68409	59506	94992	461
276	26073	58762	22	3446	4679	4582	1904	2544	86
277	32175	169917	27	72190	124629	111479	71361	129613	163
278	32728	152242	26	27607	39084	38018	52019	80156	366
279	4007	6598	16	628	827	814	997	1309	64
280	14132	29505	19	9104	12452	12175	49833	75741	117
281	9824	19152	18	40992	60062	57932	743	976	132
282	16629	32696	20	48661	73008	69970	22716	31968	202
283	20454	42003	21	54256	83241	79269	64470	105860	339
284	32729	156674	26	7989	10913	10666	13359	18346	174
285	32763	168326	27	43730	64678	62229	47986	72681	237
286	10669	17448	19	73082	128532	113349	44964	67396	217
287	32727	148543	26	61591	97513	91702	67979	115412	150
288	32765	138024	25	35467	51245	49587	5721	7708	187
289	9413	17569	18	3415	4640	4544	65195	107907	186
290	32727	114537	24	34771	50133	48538	28626	41007	352
291	32175	103799	23	71160	121088	109361	69739	121233	343
292	32764	166965	27	8788	12026	11757	1635	2173	145
293	32766	157651	27	16056	22192	21655	67916	115623	577
294	32766	164052	27	30182	42852	41677	33941	49292	367
295	32727	144783	26	42332	62302	60018	21200	29724	98
296	32728	174772	28	25289	35584	34636	36996	54089	546
297	32764	169258	27	72645	126470	112389	36325	52887	169
298	20287	40884	21	23139	32401	31571	64219	105454	215
299	5955	10832	17	27751	39300	38231	43033	64201	395
300	29976	83133	23	54929	84470	80367	25582	36069	95
301	12430	25317	19	62958	100222	94125	64381	105985	323
302	17094	37101	20	27705	39325	38192	6325	8530	332
303	20716	45905	21	69539	115855	106297	68209	116042	169
304	12409	25228	19	7248	9869	9665	42800	63806	131
305	26613	73679	22	7183	9803	9586	60887	98118	614
306	32728	144185	26	65840	106668	99304	18469	25844	404
307	32764	159842	27	3178	4337	4247	16833	23191	343
308	5392	8994	17	15349	21166	20659	34531	50029	315
309	32765	127994	25	61860	98083	92185	71780	131955	299
310	32763	179103	29	73345	131724	113699	53436	82611	215
311	32766	133451	25	60942	96039	90575	57174	90055	211
312	32728	160835	26	33660	48120	46768	30095	43169	230
313	32729	100286	24	44431	65637	63072	23397	32968	100
314	32728	153443	26	57744	89613	85040	69688	121187	490
315	10896	18440	19	64823	104457	97499	8151	11021	181
316	20636	44759	21	65955	107049	99367	61360	99076	471
317	26579	72836	22	38339	55440	53706	29226	41875	248
318	5797	10369	17	71753	122661	110663	13837	19192	275
319	32175	131143	25	35189	50787	49165	25085	35366	175
320	10745	17775	19	23257	32581	31743	40002	58950	247
321	11901	23033	19	10640	14609	14287	58317	92680	189
322	32764	166007	27	41704	61146	58879	18955	26251	155
323	22571	49907	21	72891	127848	112899	54912	85362	191
324	32766	131921	25	32164	45798	44529	72162	137249	567
325	32765	123890	25	23300	32638	31799	42495	62934	463
326	26581	72879	22	3505	4775	4676	71238	128721	188
327	29976	89601	23	59661	93607	88321	71034	126311	199
328	32763	157586	27	3005	4076	3993	35028	50945	277
329	32728	112940	24	17562	24370	23766	34417	49997	246
330	32727	148101	26	70132	117654	107452	14047	19328	136
331	23046	56116	21	73482	133903	114179	25163	35475	131
332	3698	5748	16	48341	72482	69466	10202	13930	62
333	32729	104814	24	21774	30440	29650	43298	64645	176
334	32727	109752	24	32537	46701	45254	51955	80416	150
335	32766	160132	27	72499	125720	112159	8428	11433	147
336	12977	23007	19	49517	74351	71115	51073	77984	283
337	32766	132025	25	72159	124284	111479	42181	62783	273
338	32766	168835	27	10574	14476	14151	71332	129381	299
339	32175	127569	25	31625	45265	43907	32380	46509	109
340	5061	7995	17	2622	3569	3495	8797	11967	515
341	26720	75520	22	72918	127397	113042	26833	38221	156
342	29976	93808	23	4738	6413	6279	26360	37239	193
343	32727	153906	26	56030	86577	82220	65440	108529	420
344	971	1567	13	72702	126457	112437	24072	33832	69
345	32728	98999	24	10104	13826	13520	72184	138521	604
346	32725	175665	28	73879	142195	112570	34489	50186	108
347	1798	3030	14	73107	128247	113230	38353	56414	328
348	17332	38196	20	70501	118739	108184	17423	24328	480
349	32764	139311	25	40526	59268	57149	50797	78199	225
350	10842	18128	19	64703	104215	97293	15370	21192	339
351	32766	116856	25	41749	61114	59003	54759	85307	343
352	29970	80831	23	47400	70711	67921	63411	103522	311
353	22771	52985	21	40398	59048	56951	59098	94009	327
354	26731	73152	22	3787	5138	5030	30970	44620	268
355	29969	82228	23	59325	92771	87485	18438	25510	85
356	13851	27884	19	27990	39730	38589	42358	62763	267
357	32765	118669	25	23186	32470	31639	58822	93230	373
358	8732	15157	18	47689	71353	68434	1478	1953	132
359	29970	88711	23	34152	48890	47493	34566	50229	67
360	29970	78502	23	6397	8711	8529	24909	35338	209
361	32766	130106	25	19667	27364	26691	21820	30718	499
362	29970	75401	23	63335	101063	94797	57617	90976	315
363	32727	175646	28	63886	102374	95820	64672	106609	192
364	32725	148125	26	38895	56726	54774	20557	28714	136
365	32766	178822	29	72429	125356	112021	1087	1440	89
366	32763	135390	25	8340	11372	11125	37391	54704	183
367	32766	163247	27	41133	60083	58047	25046	35542	263
368	26828	77771	22	15877	21952	21416	19883	27750	130
369	32763	132321	25	72458	125357	112009	41246	61022	275
370	17670	37682	20	22357	31258	30468	70848	126792	362
371	32725	113162	24	30658	43828	42504	66045	110315	280
372	32727	173046	28	73170	128954	113358	31881	46012	160
373	23074	56753	21	35419	51144	49501	2512	3333	71
374	32765	116368	25	59896	94046	88719	17629	24393	135
375	32729	105753	24	34412	49569	48004	12558	17219	108
376	32175	129669	25	47798	71355	68351	72234	136973	609
377	32725	116488	24	12074	16612	16216	15390	21143	158
378	32728	122962	24	45645	67738	65176	61896	100085	202
379	32725	173428	28	61075	96443	90772	71910	130561	196
380	21092	51282	21	57200	88860	84211	65276	107793	329
381	32763	158013	27	11956	16435	16045	46952	70834	349
382	32729	100569	24	25717	36287	35308	7543	10201	416
383	21069	50635	21	15993	22102	21571	52613	81234	299
384	17235	35579	20	48692	73056	70018	5459	7339	172
385	26127	60322	22	26653	37729	36688	51506	79216	620
386	26726	73100	22	60265	94756	89330	36209	52893	190
387	29973	72379	23	71494	122099	110137	10356	14087	285
388	20644	44931	21	53353	81484	77651	27914	39908	313
389	32727	104218	24	11526	15835	15458	48612	74042	396
390	32175	146122	25	48997	73460	70291	46050	69097	271
391	29970	90411	23	9815	13415	13121	47279	71394	271
392	21129	52506	21	34721	50061	48467	21200	29535	419
393	21136	52357	21	70039	117469	107259	23705	33486	161
394	32728	148137	26	64965	104753	97758	55788	87319	178
395	32765	177388	29	70561	119051	108277	36204	52759	147
396	29973	94526	23	38643	56309	54381	62627	101681	301
397	26287	62071	22	7385	10061	9850	14692	20413	160
398	32727	147463	26	8108	11036	10798	72107	143405	198
399	2760	4372	15	63722	102110	95289	69932	121933	401
400	32765	164233	27	51847	78814	75311	72360	150194	219
401	32725	142769	26	67850	111583	103164	45202	67925	128
402	32728	172757	28	174	223	220	22432	31613	180
403	32766	160037	27	1485	1997	1959	7908	10715	169
404	17965	41103	20	69074	114962	105396	58577	92941	118
405	32175	103380	23	26059	36821	35811	52869	81502	295
406	11352	20600	19	68691	113533	104739	43140	64189	191
407	16115	30667	20	62739	100013	93498	16237	22493	152
408	22538	49697	21	9134	12497	12219	9129	12269	127
409	32766	165304	27	26347	37156	36163	55466	86654	251
410	29952	72012	23	61362	96966	91347	70495	124397	579
411	32175	146044	25	28484	40510	39341	59558	95046	279
412	19982	38439	21	72796	126847	112623	55543	86720	349
413	32763	178237	29	67066	109593	101649	72337	134754	279
414	32763	158333	27	46255	68885	66165	47465	71799	167
415	26336	62493	22	69557	116166	106336	32883	47611	94
416	29970	94029	23	48256	72222	69297	19618	27560	185
417	32763	133130	25	50773	76863	73511	61187	98421	223
418	32729	99206	24	9553	13076	12784	41131	60849	478
419	29973	85171	23	17068	23662	23073	27104	38507	165
420	32727	114258	24	18644	25927	25288	64564	106339	332
421	32175	148130	25	73470	133261	114171	8069	10822	91
422	32764	156733	27	23841	33530	32639	44438	66601	313
423	32175	86881	23	73235	130254	113627	46200	69367	197
424	21308	54167	21	69720	116561	106647	69772	121536	547
425	16587	33555	20	41334	60529	58322	71372	129092	372
426	29976	95163	23	64779	104362	97423	53356	82341	171
427	20665	45381	21	62628	99516	93545	57042	89776	123
428	32727	151588	26	69683	116246	106560	36851	53954	194
429	32175	171375	27	8444	11543	11285	66007	110131	117
430	32727	145834	26	39236	57302	55308	54559	85409	728
431	32764	120304	25	15642	21680	21163	31199	44679	187
432	32763	134356	25	73808	135335	114739	874	1146	105
433	32728	115814	24	27523	38946	37888	28966	41496	228
434	3637	5575	16	26739	37855	36806	5287	7123	94
435	20717	46216	21	60219	94628	89341	63607	103988	167
436	4491	8079	16	36416	52625	50910	67811	115067	216
437	20974	49479	21	28059	39832	38691	1693	2263	155
438	32765	177631	29	45004	66808	64225	56556	88691	215
439	29970	73340	23	3720	5063	4959	69592	120798	257
440	21089	51587	21	67986	111904	103417	23295	32642	305
441	32729	177919	28	26906	38080	37010	33784	48846	184
442	32763	116423	25	32682	46917	45461	64127	105071	587
443	32729	154887	26	16099	22316	21786	43900	65668	394
444	32765	116670	25	2103	2861	2805	66872	111993	229
445	26031	58604	22	38048	55335	53450	52723	81915	392
446	20417	41836	21	10879	14963	14631	41020	60754	377
447	29976	91981	23	42747	62968	60647	69659	120710	405
448	16024	30162	20	63243	100905	94644	62577	101565	290
449	32729	174386	28	72635	126418	112368	53870	83779	322
450	32763	131460	25	70147	117762	107495	44529	66556	285
451	5354	8910	17	481	635	625	2158	2887	181
452	128	158	9	358	467	459	46963	70826	237
453	22251	46515	21	51662	78301	74639	22416	31379	465
454	29973	85002	23	59447	93183	87979	5036	6795	121
455	32729	147373	26	49463	74258	71028	14852	20505	290
456	32766	169658	27	2371	3233	3169	19000	26628	139
457	32729	115246	24	37584	54475	52664	62992	102819	138
458	20934	48784	21	63843	102272	95727	11982	16360	207
459	21069	50822	21	8270	11279	11033	1463	1963	89
460	26133	60566	22	70516	118927	108194	45774	68884	150
461	16262	31003	20	6526	8873	8688	23349	32795	202
462	32729	144536	26	58075	90280	85338	27280	38768	270
463	26527	71133	22	65282	105427	98074	8604	11700	68
464	26611	72730	22	46542	69200	66370	58647	93246	230
465	10763	17860	19	40067	58314	56393	61509	99282	165
466	32764	138990	25	72191	124668	111485	67103	113064	297
467	5447	9167	17	8443	11504	11257	69702	121246	527
468	2999	5053	15	39367	57344	55367	36622	53245	113
469	12270	24539	19	14434	19973	19511	56647	89215	441
470	8723	15144	18	47689	71353	68434	51992	80489	104
471	29969	74514	23	42901	63186	60763	10561	14244	173
472	29973	85258	23	68059	112080	103555	44546	66591	229
473	8975	16021	18	18516	25747	25114	68709	117899	424
474	9159	16633	18	22993	32182	31364	50497	77377	216
475	32727	147224	26	66810	108979	101166	34865	50817	212
476	21313	54258	21	8353	11384	11139	30652	44029	243
477	32729	113703	24	60831	95865	90068	40001	58943	182
478	20448	42279	21	58459	91105	86273	63922	104756	181
479	32725	113888	24	71330	121651	109794	71209	126526	134
480	32728	171438	28	50783	76716	73382	9935	13562	138
481	32727	149893	26	42318	62278	59994	8724	11884	166
482	4416	7777	16	47518	71060	68172	40325	59717	160
483	32727	146380	26	34420	49563	48000	5578	7532	384
484	26600	69931	22	2455	3341	3272	51003	78620	320
485	32175	145126	25	44468	65693	63121	27854	39535	115
486	8504	14443	18	23662	33175	32314	67389	114007	280
487	2538	4312	15	54764	84005	79977	28750	41183	237
488	32763	134112	25	16962	23509	22925	37498	54868	237
489	7514	14430	17	32623	46798	45375	20245	28128	205
490	32175	132474	25	68755	114144	104679	14675	20109	273
491	29976	87418	23	20285	28240	27543	54625	84849	313
492	26813	76901	22	54704	84065	79996	23599	33187	118
493	32175	169824	27	73568	145003	110731	46023	69048	243
494	32727	116697	24	72677	126373	112372	38692	57000	184
495	32763	162751	27	66089	107289	99805	885	1163	117
496	4448	7919	16	70461	118722	108098	66391	110776	224
497	20798	47222	21	50569	76313	73023	23018	32487	315
498	20682	45405	21	52340	79677	76073	49392	75247	253
499	32764	123608	25	67466	110944	102239	52271	80848	307
500	29970	87917	23	29883	42426	41259	68745	118220	159
501	29970	74338	23	53822	82308	78411	10801	14797	431
502	29969	75141	23	36331	52470	50777	56370	88680	413
503	1556	2381	14	60674	95592	90064	70305	124386	250
504	6054	11169	17	63032	100551	94285	649	856	71
505	8386	14102	18	15957	22060	21522	36918	54072	326
506	32764	131578	25	73060	128805	113265	69540	121345	253
507	10827	18102	19	53054	80955	77265	34174	49641	81
508	11659	22025	19	42467	62518	60223	9940	13490	77
509	32725	143158	26	19315	26869	26206	32976	47809	208
510	19918	37936	21	73232	128936	113525	69261	119079	219
511	29965	72698	23	42230	62043	59707	3058	4068	93
512	2533	4301	15	71056	120802	109165	23652	33175	503
513	26521	67682	22	37099	53832	52018	10872	14735	150
514	29970	85642	23	57271	88682	84207	23273	32856	229
515	32764	121266	25	64620	103984	96841	71473	130606	629
516	32765	116190	25	62156	98708	92717	30784	44064	109
517	18109	41500	20	8998	12293	12024	33211	48146	126
518	32175	137637	25	15849	21962	21441	27343	38751	145
519	26746	76013	22	15811	21911	21390	10206	13929	200
520	29970	87794	23	3818	5198	5091	68795	118363	245
521	5475	9310	17	9588	13109	12825	18101	25291	163
522	32766	120915	25	19809	27562	26881	53869	83585	407
523	32765	177086	29	57567	89647	84873	62397	101028	195
524	9723	18773	18	51523	78067	74430	53698	83447	346
525	22646	50868	21	60372	94843	89231	3517	4679	63
526	29970	95304	23	27316	38637	37585	2674	3595	61
527	32728	145564	26	7890	10754	10522	72205	142751	240
528	8383	14104	18	52500	79969	76346	2200	2924	136
529	32728	149210	26	31276	44487	43254	9213	12545	312
530	32765	177939	29	64121	102927	96221	32627	47004	181
531	26367	63137	22	37471	54287	52490	11226	15361	228
532	32766	161799	27	66540	108238	100613	72205	144583	243
533	29970	82260	23	69217	115308	105661	65958	109781	219
534	20864	47912	21	53298	81502	77705	31672	45516	151
535	29973	84779	23	35378	51105	49455	25106	35404	159
536	32766	163706	27	2808	3827	3749	58339	92445	277
537	32766	179991	29	70058	117537	107305	62339	101038	125
538	25975	57995	22	5540	7541	7380	35126	51044	364
539	32766	125296	25	53195	81196	77393	66906	112416	215
540	32763	118843	25	26855	38023	36967	23835	33531	231
541	3654	5633	16	62930	100309	94078	28475	40778	330
542	29969	80477	23	28340	40264	39103	63109	103042	151
543	32175	103428	23	1697	2327	2281	42839	63531	311
544	20024	38555	21	58233	90606	85623	11644	15761	339
545	32728	115633	24	71612	122159	110368	10944	14996	142
546	32765	126606	25	57465	89428	84689	72360	139548	217
547	32727	99081	24	73265	129635	113540	40826	60587	244
548	32765	136899	25	35777	51739	50043	43354	64372	261
549	29973	87759	23	62017	98395	92459	21900	30652	257
550	26186	60628	22	4522	6131	6002	16368	22793	198
551	23206	61554	21	69264	115437	105653	62550	101680	139
552	20531	43095	21	71864	122963	110883	46029	69233	199
553	32728	171133	28	16354	22624	22074	38352	56316	680
554	29970	85817	23	70478	118686	108139	43272	64593	417
555	32729	102591	24	49213	73847	70632	65544	108836	298
556	9190	16753	18	30433	43462	42170	33927	49283	146
557	26579	72780	22	54727	83933	79910	62342	101047	224
558	20519	42732	21	71007	120467	109169	72360	141307	199
559	32725	154088	26	28226	40063	38910	21003	29359	570
560	32725	147759	26	14714	20290	19800	37292	54696	448
561	32765	119121	25	53832	82448	78551	61356	98595	107
562	32175	139645	25	47523	70891	67923	13284	18113	207
563	32765	165350	27	42200	62086	59819	50375	76923	319
564	32728	172232	28	63063	100470	94312	63115	102819	166
565	32725	117424	24	45516	67615	64992	44355	66487	200
566	32725	158486	26	26608	37660	36620	39193	57775	174
567	5029	7895	17	65519	105961	98767	10953	14913	241
568	32763	163341	27	68641	113411	104645	72445	136449	385
569	32763	135918	25	39057	57002	55035	6764	9118	145
570	2190	3414	15	4820	6545	6407	41297	61187	315
571	32763	122231	25	68849	113918	105015	64138	105116	517
572	32729	111186	24	11539	15926	15564	40145	59205	200
573	32766	133051	25	59471	93070	88017	11221	15389	145
574	20946	49166	21	53213	81329	77555	20027	27848	203
575	4217	7354	16	60677	95543	89794	33684	48681	374
576	32725	148533	26	72056	124236	111158	54565	85089	134
577	26626	74466	22	62104	98537	92326	61252	98891	156
578	32764	128827	25	60120	94366	88821	30192	43177	141
579	32763	157500	27	12020	16534	16143	65738	109171	409
580	26766	73801	22	45603	67741	65116	61903	100311	258
581	29976	86361	23	30163	43057	41785	71553	130415	423
582	32729	154695	26	65184	105229	97888	26262	37220	180
583	32175	131254	25	28585	40660	39481	62721	102032	253
584	32763	161812	27	6887	9371	9177	26362	37364	151
585	32728	176026	28	57727	89580	85008	47795	72269	184
586	26828	78880	22	63026	100536	94270	29457	42315	180
587	29969	91978	23	73485	134335	114189	59860	95764	207
588	20566	43446	21	39490	57701	55693	58772	93137	341
589	32725	103346	24	37352	54219	52386	62016	100607	186
590	16339	32122	20	39936	58086	56178	7488	10134	164
591	32766	161526	27	70292	118108	107751	27889	39872	285
592	32728	123567	24	12934	17815	17388	33228	48132	162
593	32763	131354	25	13671	18814	18369	6466	8706	295
594	32728	112730	24	73441	130218	114126	10031	13698	286
595	32728	120782	24	39695	57696	55800	13670	18956	126
596	32766	169065	27	53080	81001	77207	52069	80249	229
597	20816	47436	21	69203	115273	105535	66761	112187	117
598	32764	180090	29	21783	30452	29663	49261	75299	161
599	32727	105906	24	73879	137681	114336	4675	6289	496
600	20594	43892	21	21932	30652	29879	39381	57903	483
601	32728	148347	26	54225	83015	79072	68910	118696	424
602	32728	172076	28	43086	63331	61086	54649	85085	264
603	17417	38725	20	61186	96617	90684	14472	19958	132
604	32765	129983	25	47489	71006	68119	15027	20697	149
605	26420	67752	22	28626	40587	39472	50984	78237	216
606	32175	97812	23	72533	126117	112189	14403	19709	153
607	32729	177955	28	9916	13595	13292	56554	88946	602
608	14004	28732	19	64196	103115	96117	6901	9238	105
609	32725	146036	26	71338	121669	109812	71205	126514	122
610	26828	78723	22	43926	65005	62536	63176	103084	248
611	4171	7054	16	53013	80877	77188	28880	41296	190
612	26771	77995	22	14652	20276	19806	66265	110645	372
613	3961	6575	16	29491	42040	40810	70474	124536	256
614	16659	32804	20	73745	133221	114456	31452	45369	290
615	6181	11538	17	44744	66208	63747	41955	62393	319
616	26466	70437	22	37748	54507	52812	67697	114986	180
617	32175	134069	25	63386	101417	94679	70350	123621	203
618	3758	5959	16	61461	97156	91518	69431	120228	246
619	26185	60578	22	13762	19040	18602	38061	55695	542
620	26563	69251	22	48656	73002	69964	36456	53308	250
621	32728	177737	28	50855	76884	73514	26771	38126	298
622	17249	35602	20	41844	61522	59280	19497	27195	46
623	21257	53741	21	20573	28663	27951	51891	79700	271
624	32763	136657	25	2094	2849	2793	71489	127032	399
625	32727	172229	28	27013	38245	37182	46413	70179	180
626	9986	19732	18	24595	34609	33688	18775	26054	158
627	29969	76675	23	49404	74162	70935	58681	93439	143
628	8893	15969	18	38847	56319	54520	72205	148203	292
629	29976	83415	23	61828	98018	92127	29327	41735	245
630	20720	46102	21	54885	84399	80297	24109	33886	123
631	32175	103310	23	52594	80001	76203	69227	119534	299
632	32725	153772	26	24511	34462	33548	62710	102192	310
633	32729	152897	26	32172	46111	44710	34107	49374	362
634	17556	37048	20	23840	33451	32580	37677	55306	198
635	8915	16053	18	27747	39294	38224	43029	64194	388
636	9736	18776	18	53460	81781	77952	16393	22663	190
637	32727	177955	28	29243	41647	40412	69608	121271	270
638	29970	85692	23	73827	139163	114149	54771	85329	151
639	6288	10307	17	70731	119805	108535	31637	45336	205
640	17391	38647	20	11193	15364	15008	18906	26478	486
641	32765	130810	25	10164	13906	13591	59400	94426	165
642	26798	74790	22	42034	61819	59570	19178	26704	158
643	5267	8590	17	4374	5936	5811	71474	130665	193
644	26523	68358	22	15377	21202	20694	68465	117117	234
645	17738	40121	20	64202	103127	96128	25242	35695	128
646	32763	168901	27	67683	111185	102855	49364	75192	227
647	29969	82781	23	45461	67395	64699	16950	23355	95
648	32764	169960	27	21324	29741	28983	32711	47054	141
649	23085	57979	21	68053	112336	103375	61701	99763	243
650	17211	37578	20	10185	13979	13670	66051	110110	102
651	29976	83856	23	55912	86380	82035	54482	84543	159
652	17425	36418	20	974	1289	1266	2375	3169	136
653	26253	63547	22	10841	14863	14520	67408	114051	310
654	32728	175056	28	70259	118021	107694	71134	127965	188
655	32766	156399	27	73453	130339	114147	72025	135754	417
656	32728	173510	28	37155	53599	51938	28633	40996	130
657	20539	42725	21	43173	63731	61347	49115	74780	185
658	32727	180662	30	1181	1574	1544	59614	95486	244
659	26582	68470	22	69225	114889	105682	54738	85791	244
660	32728	173980	28	70662	119150	108478	53183	82312	196
661	32766	137786	25	51505	78066	74587	50892	78046	145
662	11867	22902	19	62213	98840	92833	36103	52578	183
663	1532	2336	14	38194	55568	53670	1708	2258	150
664	32725	146111	26	28739	40861	39670	63611	104167	266
665	32175	84598	23	70335	118276	107743	72320	138775	479
666	32727	110230	24	113	143	142	21971	30862	324
667	32175	164327	27	68900	114488	104963	14875	20401	289
668	5224	8480	17	71963	123910	111003	66730	112099	513
669	29969	91474	23	1500	2036	1997	50185	76984	323
670	32175	136006	25	42624	62697	60325	72379	144884	167
671	10670	17438	19	69585	116003	106377	21068	29403	139
672	32725	160998	26	40632	59480	57386	17056	23558	258
673	26445	67264	22	70005	117374	107092	72412	138589	458
674	32725	146777	26	4794	6485	6350	65318	108306	154
675	29969	83523	23	7777	10622	10383	66579	111536	389
676	32766	133749	25	60417	95036	89687	23734	33529	223
677	32175	179633	29	27185	38512	37427	9802	13204	141
678	26733	75696	22	53664	81966	77956	49058	74877	410
679	26089	59658	22	56702	87575	83228	53672	83225	344
680	32763	136666	25	40887	59879	57767	70663	123710	345
681	32725	112406	24	58695	91770	86760	24601	34685	100
682	32765	163316	27	23921	33586	32713	30959	44338	191
683	32727	153482	26	25014	35269	34332	33318	48321	88
684	29969	82366	23	4660	6317	6183	43508	64962	245
685	20354	41318	21	23246	32566	31729	3056	4084	89
686	32175	170774	27	64811	104412	97197	45793	68667	161
687	32763	156510	27	38341	55793	53885	44389	66322	515
688	29976	77549	23	47572	71162	68263	11709	16006	353
689	32729	120055	24	32024	45904	44506	28454	40493	192
690	32763	138491	25	54353	83415	79421	41412	61282	377
691	32729	107204	24	34269	49342	47792	21698	30424	228
692	8523	14556	18	31887	45384	44124	47395	71587	270
693	4238	7397	16	63655	101982	95166	26072	36939	234
694	29973	89119	23	72632	126127	112333	29998	43018	219
695	32765	117451	25	9826	13436	13139	27154	38423	183
696	20578	43629	21	63305	101262	94531	62481	101515	175
697	32763	179491	29	7608	10361	10139	52810	81419	165
698	29973	76457	23	71909	123469	110943	8197	11081	241
699	32765	165978	27	73878	147637	108493	63682	104149	97
700	32727	119216	24	73879	135468	114758	51045	78703	382
701	26761	72921	22	26634	37702	36662	50381	77480	122
702	29973	72241	23	52124	79287	75733	68389	116574	103
703	32729	176915	28	71768	123250	110610	42812	63786	366
704	11495	21281	19	275	356	351	6934	9379	253
705	15985	29523	20	40233	58868	56816	32788	47444	274
706	9018	16411	18	57678	89496	84930	8004	10845	230
707	3742	5892	16	25642	36193	35216	25932	36790	172
708	32728	101881	24	35912	51640	50082	71784	132884	108
709	8332	13931	18	73879	138913	114178	69961	122696	290
710	32763	163300	27	6353	8642	8463	49679	75780	173
711	32175	168952	27	73101	128930	113343	3052	4050	85
712	32727	106443	24	64739	104282	97352	25880	36726	200
713	32729	102738	24	25734	36308	35328	30249	43272	436
714	32175	135142	25	23410	32876	32011	72379	150824	123
715	26152	60099	22	56140	86773	82394	44328	66632	258
716	32728	122808	24	44716	66162	63702	67363	113906	332
717	32728	156287	26	40922	59730	57718	37608	55067	428
718	32765	137555	25	22172	31009	30223	68164	115740	289
719	32763	160214	27	60057	94319	88967	47667	72158	191
720	29969	78017	23	16047	22247	21719	69144	119740	455
721	32766	138744	25	43558	64124	61823	58438	92669	79
722	32766	163082	27	39702	57708	55813	13678	18969	139
723	29976	77115	23	30913	44218	42877	67150	112811	103
724	1821	3076	14	16980	23521	22940	36877	53889	396
725	26193	61702	22	1246	1661	1630	1385	1825	66
726	32725	149413	26	56800	88094	83534	26332	37383	254
727	6904	12307	17	44982	66588	63945	62583	101767	233
728	9135	16791	18	33731	48228	46874	67629	114749	156
729	32764	162548	27	5667	7718	7551	38737	56885	209
730	32765	132067	25	62848	100140	93943	40249	59209	357
731	4901	7510	17	28904	41110	39915	42164	62507	249
732	12658	26548	19	5539	7517	7361	72205	146157	293
733	32175	129453	25	67313	110561	101941	72152	135219	611
734	29970	75611	23	65197	105241	98153	23596	33310	289
735	32175	131627	25	73568	135962	114261	50907	77697	303
736	29970	76583	23	72364	125008	111897	14851	20629	409
737	32727	154155	26	60413	95059	89604	26577	37810	178
738	29970	81449	23	49071	73701	70615	34394	49959	217
739	20030	38679	21	70197	117863	107585	23722	33286	93
740	32729	123152	24	1840	2516	2466	69908	122075	420
741	32766	118479	25	64960	104741	97747	4040	5480	245
742	32175	127631	25	9288	12704	12423	72161	135538	603
743	32727	117939	24	71839	123443	110754	42355	63287	162
744	21045	50599	21	30945	44260	42919	31404	45169	287
745	32763	134901	25	14708	20281	19793	11133	15161	271
746	29973	82154	23	26501	37501	36469	27530	39183	177
747	29976	92424	23	40901	59894	57781	17761	24587	151
748	29976	79517	23	61840	98042	92151	13804	18959	199
749	9393	17603	18	11750	16244	15874	13782	18958	350
750	23197	60716	21	49691	74645	71393	16210	22310	215
751	10709	17641	19	73343	130113	113711	4876	6553	247
752	32175	139109	25	73467	132930	114107	70388	123733	431
753	29973	88084	23	26955	38158	37097	33578	48674	205
754	2017	2983	15	23310	32644	31803	58641	93072	217
755	32764	133286	25	58111	90351	85403	59385	94852	323
756	11417	20914	19	40753	59663	57561	59813	95261	203
757	29976	77652	23	63327	101169	94811	70103	122370	381
758	32725	145955	26	59729	93728	88426	22599	31682	218
759	32763	118093	25	73957	136881	114947	58963	93516	263
760	32728	115866	24	69156	115137	105544	9955	13589	204
761	9962	19628	18	7532	10298	10064	16436	22777	80
762	26670	75106	22	18799	26152	25510	9530	12981	78
763	32764	179243	29	68937	114598	105033	41487	61487	381
764	21251	53621	21	69956	117253	107089	70377	123968	603
765	32728	106091	24	32922	47022	45700	68511	117448	140
766	1267	2065	13	18297	25412	24793	39328	57559	231
767	5718	10089	17	55262	84896	80795	72184	138012	555
768	32727	142528	26	20274	28219	27522	35128	51231	188
769	29969	87381	23	19470	27071	26407	56662	89238	455
770	25938	57397	22	9718	13316	13020	66870	112149	196
771	12602	26257	19	19445	27043	26377	41935	62141	359
772	32725	115871	24	59052	92375	87304	19587	27297	238
773	32766	137319	25	40116	58404	56481	66226	110440	293
774	29973	81525	23	50952	77175	73817	60643	97172	201
775	32727	113151	24	67259	110128	102040	19691	27466	338
776	1374	2331	13	17876	24821	24217	48241	72881	133
777	16137	30232	20	29351	41815	40574	15675	21568	156
778	32728	113515	24	7243	9863	9658	42797	63799	124
779	32175	88094	23	21339	29765	29007	72379	140461	653
780	29976	84788	23	7554	10289	10067	52272	80353	167
781	23119	58437	21	69063	114895	105259	63408	103592	103
782	26616	74626	22	30326	43065	41886	53850	83555	396
783	26467	70513	22	53701	82101	78218	57987	91689	120
784	26635	70475	22	34960	50406	48804	63378	103676	264
785	26079	59159	22	64442	103591	96790	42877	63915	622
786	993	1635	13	52087	79222	75679	54341	84258	473
787	6060	11181	17	73642	131929	114321	72360	148198	387
788	32729	103027	24	52052	79024	75306	61234	98831	144
789	11093	19488	19	36725	53268	51487	48158	72845	221
790	29969	94694	23	4554	6176	6045	68690	118142	51
791	32766	159680	27	69235	115374	105703	29698	42579	409
792	26828	78201	22	59182	92630	87516	21995	30901	316
793	10882	18383	19	70922	119885	108977	33554	48666	167
794	32765	156317	27	63397	101303	94927	67677	114415	215
795	29969	79749	23	44772	66212	63603	21962	30687	245
796	32763	136134	25	42273	62194	59921	68149	115853	55
797	2431	4044	15	73387	129734	114003	14191	19673	101
798	29969	84924	23	44975	66576	63933	11886	16111	519
799	17921	40880	20	7374	10076	9852	33460	48309	234
800	32764	177149	29	3224	4397	4303	34504	49992	169
801	32727	113727	24	10830	14839	14496	72107	141148	404
802	8590	14716	18	62979	100401	94162	27868	39838	156
803	5716	10073	17	39835	58139	56095	40635	60110	241
804	11575	21645	19	30989	44058	42843	13285	18376	141
805	17464	36559	20	42562	62671	60370	72107	139872	500
806	32763	179070	29	23313	32656	31817	12062	16488	147
807	32728	102615	24	31862	45345	44086	14025	19448	200
808	32728	143839	26	15654	21598	21082	58100	91952	246
809	26350	63767	22	23012	32191	31376	29808	42723	486
810	32175	104747	23	50380	75942	72547	51792	79306	325
811	32766	176687	29	49157	73852	70749	37159	54360	99
812	29970	81830	23	54396	83318	79341	56452	88595	193
813	32729	99476	24	70639	119408	108358	27873	39641	266
814	29970	77107	23	12317	16963	16563	64081	105158	283
815	29969	76020	23	47327	70532	67601	23687	33230	541
816	29976	74412	23	22348	31249	30459	55686	87001	253
817	32175	145290	25	67769	111678	102837	63807	104511	405
818	32729	156563	26	73568	140631	113038	65852	109636	250
819	17838	39050	20	65013	104885	97856	64218	105554	238
820	32728	159530	26	51525	78103	74616	45921	69029	240
821	32729	118921	24	1200	1619	1588	72412	140134	268
822	32765	137088	25	65240	105344	98265	31604	45400	173
823	32728	148353	26	9067	12395	12122	26510	37740	98
824	21386	54745	21	66874	109132	101237	49545	75538	171
825	32727	143016	26	22821	31921	31112	11855	16241	152
826	32763	136303	25	19763	27490	26809	62690	101811	373
827	29970	84572	23	64312	103303	96575	21894	30826	117
828	32729	147012	26	39843	58154	56108	17089	23748	118
829	19930	38110	21	35762	51715	50019	43358	64378	267
830	32764	116099	25	54403	83256	79143	6609	8820	271
831	16082	29941	20	43936	65020	62550	2430	3229	170
832	23067	56702	21	43582	64310	61809	64342	105819	437
833	20608	44388	21	4126	5606	5489	58455	92709	255
834	26210	61063	22	71080	120880	109202	65621	109025	326
835	17802	40371	20	20920	29159	28420	71341	128652	346
836	32766	133952	25	72600	126266	112393	51058	78369	163
837	32764	133721	25	21320	29735	28977	32715	47060	147
838	5661	9915	17	64556	103876	97043	67554	114501	251
839	16984	34098	20	48819	73257	70204	67001	112431	258
840	11339	20526	19	43769	64747	62295	67598	114306	251
841	32763	136725	25	71731	122948	110605	71392	126676	325
842	29976	75077	23	49320	74155	71033	45922	69015	249
843	17754	38459	20	39038	56982	55008	29783	42727	176
844	20184	39664	21	72498	125793	112009	31574	45346	161
845	17250	35654	20	55483	85556	81310	19486	27175	36
846	32766	131894	25	60363	94901	89577	31244	44957	113
847	32765	166989	27	67651	111122	102795	55791	87199	311
848	32763	134911	25	40946	59963	57845	71883	129087	167
849	29970	80027	23	14231	19618	19151	50064	76496	263
850	11220	20067	19	51267	77727	74321	20937	29150	345
851	146	251	9	2050	2777	2723	1039	1370	121
852	32725	99081	24	26855	38017	36960	49297	75210	112
853	22703	51622	21	42103	61834	59517	3168	4205	167
854	26182	61525	22	16786	23254	22678	33790	49050	144
855	5869	10546	17	1358	1811	1777	41682	61725	493
856	29969	88092	23	62009	98318	92135	8302	11125	375
857	22729	52242	21	67256	110385	101821	11497	15605	89
858	32728	154893	26	6540	8909	8722	9010	12253	110
859	32725	106891	24	38912	56762	54802	1269	1678	134
860	32765	160919	27	52271	79561	75973	44788	66902	199
861	32727	176611	28	65737	106507	99154	57298	90793	364
862	32175	106637	23	60590	95287	89625	62804	102231	315
863	16978	36615	20	47495	70837	67874	17329	24087	444
864	6064	11198	17	34300	49392	47835	58351	92248	181
865	32727	120069	24	50451	76302	72972	50647	77967	94
866	32728	119302	24	60373	94919	89594	31252	44968	124
867	20394	41597	21	67419	110575	102245	23434	33081	307
868	32764	165656	27	6999	9551	9339	5765	7688	319
869	15831	29005	20	26673	37709	36672	31209	44758	180
870	12613	26262	19	52150	79339	75783	58042	91573	131
871	32727	105253	24	32542	46707	45260	51951	80410	144
872	29973	90083	23	48912	73401	70345	47100	71100	533
873	29969	82292	23	18077	25091	24483	43467	64888	203
874	20942	48812	21	50880	76919	73381	49538	75760	453
875	32729	143193	26	24383	34331	33418	57740	91361	342
876	32766	179674	29	35132	50443	48935	42365	63104	275
877	26184	62007	22	63755	102071	95554	23170	32541	206
878	8576	14733	18	73125	129300	113378	1618	2178	90
879	1830	3087	14	16231	22453	21906	324	421	40
880	20737	46193	21	3383	4598	4503	25509	36045	111
881	32729	177050	28	15045	20855	20356	71671	131308	248
882	32765	166952	27	55219	85033	80853	46376	69825	357
883	32728	104565	24	38667	55995	54220	7039	9521	236
884	26827	75648	22	9548	13040	12754	45810	69132	186
885	6187	11544	17	66957	109607	101259	58542	93116	57
886	20905	48584	21	37891	54747	53039	41196	61127	515
887	32725	107101	24	67742	111314	102956	44180	66179	256
888	20025	38589	21	29387	41700	40555	5744	7776	141
889	32728	113032	24	53532	81819	77946	59230	94421	384
890	32729	173706	28	67283	110451	101878	36217	52785	262
891	32729	173615	28	49442	74225	70996	61920	100335	164
892	20777	46733	21	10734	14744	14417	17314	23885	463
893	23085	58048	21	66501	108444	100393	61794	99997	303
894	32764	177759	29	6544	8915	8719	5748	7664	295
895	32727	144732	26	39447	57629	55622	1187	1561	86
896	21122	52483	21	67769	111368	103009	54113	83860	171
897	21103	51673	21	56017	86291	82055	26053	37068	235
898	20595	43893	21	68499	113516	104203	6052	8072	265
899	32728	114426	24	42236	61897	59732	41183	61106	504
900	32727	157509	26	67478	110642	102460	28497	40815	278
901	29969	76303	23	35648	51483	49827	14999	20543	177
902	32728	110659	24	45309	67174	64654	55216	86170	232
903	32766	177367	29	41191	60194	58137	57351	90453	177
904	16691	34520	20	14716	20281	19796	70667	125232	154
905	32175	126462	25	62913	100415	93829	70313	123471	269
906	16740	33161	20	7452	10148	9928	6464	8764	154
907	22827	53562	21	53432	81532	77573	50286	76526	147
908	32725	108817	24	63670	101906	95406	57375	90808	272
909	20223	40266	21	43566	64396	61973	6297	8477	169
910	10763	17873	19	73574	132941	114413	6234	8440	197
911	32725	101288	24	28399	40330	39166	22896	32130	138
912	32728	155952	26	24477	34420	33502	41605	61788	228
913	32175	90686	23	59635	93381	87985	45715	68541	105
914	32727	142340	26	59478	93250	88032	39038	57589	266
915	22686	51230	21	38432	55804	53933	33991	49035	127
916	644	1033	12	14489	20048	19584	3984	5377	224
917	11139	19719	19	18190	25288	24663	2028	2705	153
918	21056	50484	21	60226	94643	89353	62175	100658	281
919	3584	5434	16	70319	118170	107804	12728	17457	130
920	26420	67858	22	30027	42633	41462	66028	109920	222
921	32175	134882	25	53647	81943	77935	71584	131131	421
922	32764	169608	27	60978	96184	90315	27561	39097	191
923	32728	144203	26	26553	37447	36448	72192	139063	662
924	32764	134009	25	69164	115153	105457	65491	108575	199
925	32725	160969	26	59903	94055	88728	71786	129905	350
926	29969	82605	23	4520	6131	6003	28451	40475	373
927	20569	43371	21	12171	16738	16341	33327	48306	151
928	29970	89182	23	43455	63944	61659	70596	124828	201
929	16501	32144	20	64452	103620	96808	7878	10686	332
930	32765	176556	29	53901	82589	78685	26959	38129	419
931	12580	26095	19	73344	130980	113613	43091	64095	197
932	32765	178190	29	45631	67789	65159	56808	89167	217
933	26142	60056	22	29715	42391	41142	26366	37360	258
934	20066	39049	21	64866	104544	97293	2971	3953	255
935	32725	146460	26	24760	34882	33956	66690	112196	70
936	32729	110466	24	49169	73782	70576	11204	15329	252
937	32764	159745	27	60917	96051	90213	71726	132408	447
938	11918	23065	19	69003	114762	105271	11251	15431	187
939	32764	161796	27	54950	84244	80053	29287	41782	177
940	32766	131965	25	17412	24142	23543	33893	49211	331
941	32725	154686	26	51407	77982	74562	45765	68861	318
942	21147	52619	21	21289	29716	28975	41277	61257	157
943	26701	72597	22	62539	99522	93416	31446	45355	316
944	32175	127235	25	7504	10259	10027	57762	91188	307
945	26080	59295	22	25414	35866	34900	7171	9716	328
946	29970	91751	23	49359	74197	71063	41662	61880	145
947	32729	156711	26	52925	80630	76754	59289	94574	228
948	32729	175693	28	34042	48987	47460	25435	35973	406
949	32729	180619	30	57369	88900	84116	67194	113011	238
950	29973	91600	23	21447	29935	29187	46235	69535	535
951	32729	160183	26	21743	30389	29600	8202	11130	206
952	20974	49431	21	60637	95511	89993	39716	58329	383
953	29976	74497	23	50821	76965	73611	69519	120360	229
954	32764	166672	27	65740	106569	98955	51977	80345	265
955	32727	144243	26	68570	113220	104494	54084	84542	260
956	32175	163949	27	8515	11642	11381	13900	18983	143
957	32765	160063	27	6610	8987	8801	26441	37355	255
958	5054	7970	17	13134	18161	17743	1599	2126	65
959	29969	79776	23	21600	30158	29383	68797	118453	245
960	32175	162688	27	67966	112111	103219	35137	50869	363
961	32725	172567	28	26489	37480	36448	33707	48938	212
962	4397	7843	16	52276	79435	75678	70806	126077	718
963	32175	166462	27	20208	28148	27445	38989	56980	165
964	32175	164170	27	4612	6254	6121	28835	41003	171
965	32728	114778	24	25783	36319	35354	56412	88511	86
966	32729	113909	24	32671	46873	45446	61269	98923	178
967	26615	70237	22	56013	86548	82198	41706	62169	302
968	32763	139611	25	45898	68263	65591	64578	106176	369
969	26699	71553	22	1012	1346	1320	3046	4064	86
970	32763	129591	25	16899	23419	22839	70886	124558	251
971	12662	26522	19	24623	34657	33735	70095	122318	349
972	32729	123065	24	60845	95902	90098	20130	28135	162
973	13171	23912	19	26055	36812	35803	15015	20588	95
974	32766	156303	27	11352	15592	15231	70516	124492	609
975	21110	51429	21	67540	111136	102381	3510	4662	97
976	32764	126449	25	13045	18032	17621	11403	15398	255
977	32765	161820	27	64132	102954	96247	53915	83365	445
978	29973	77072	23	72865	127098	112797	22834	32026	327
979	4220	7331	16	2021	2726	2672	58740	93267	52
980	13498	25717	19	66917	109538	101191	70949	126652	233
981	32763	162317	27	22386	31303	30513	70593	123465	315
982	29973	80122	23	21650	30232	29471	38382	56291	323
983	32727	106075	24	68703	113562	104756	48967	74767	448
984	29969	91409	23	70197	117926	107461	71797	133000	519
985	9210	16807	18	30339	43330	42046	23990	33773	290
986	32764	133656	25	64172	103060	96081	39322	57912	165
987	32765	123964	25	72343	125314	111703	40274	59248	387
988	5575	9640	17	8327	11387	11131	72169	140472	29
989	32729	171190	28	19040	26462	25812	32228	46375	208
990	11983	23290	19	67193	109896	101905	10763	14650	211
991	2570	4397	15	704	935	921	23482	32997	159
992	32727	101406	24	71732	123051	110544	28132	40245	224
993	22508	49242	21	46458	69068	66253	50665	77275	209
994	29973	88202	23	69424	115469	106061	38502	56474	385
995	32728	107806	24	58541	91263	86414	36188	52787	160
996	32729	103386	24	62172	98705	92460	39473	58042	156
997	26772	74820	22	39952	58406	56370	38364	56433	164
998	21314	54303	21	56013	86551	82201	53837	83219	191
999	32728	115416	24	53822	82308	78410	10801	14796	430
1000	4296	7546	16	57617	89362	84812	56687	89056	106
1001	20676	44719	21	753	1001	983	31321	44939	175
1002	32727	149987	26	23457	32851	32008	46991	71203	158
1003	8200	13450	18	53295	81493	77696	2220	2951	124
1004	25944	57520	22	11560	15892	15514	67038	112816	132
1005	32727	118297	24	47566	71147	68248	60042	96436	340
1006	4057	6755	16	30850	44122	42782	53484	82967	86
1007	17664	39733	20	73613	133163	114482	72205	146774	178
1008	32725	101206	24	70620	119254	108400	68203	116283	102
1009	32763	125053	25	58682	91755	86745	55235	86068	211
1010	16014	30124	20	73232	129008	113662	20421	28718	128
1011	32763	180206	29	25699	36277	35299	22020	30820	311
1012	32725	174861	28	4978	6734	6592	72291	133087	264
1013	32725	105669	24	65744	106523	99168	35191	51315	276
1014	32727	108152	24	3109	4232	4144	20115	28097	236
1015	32727	120470	24	7938	10799	10568	54459	85218	592
1016	32729	171775	28	58120	90380	85422	32155	46267	154
1017	16613	32584	20	28540	40540	39372	71819	132430	302
1018	21099	51479	21	27431	38890	37799	70869	124414	213
1019	32765	180238	29	72673	126355	112373	71532	130207	365
1020	32766	160596	27	73703	133663	114669	45941	69085	279
1021	32729	142835	26	17390	24119	23538	35448	51576	650
1022	26427	66673	22	48636	72807	69712	40803	60275	228
1023	32725	181053	30	7167	9749	9546	10962	14867	174
1024	32766	119628	25	52047	79068	75483	29539	42345	377
1025	32766	130989	25	73528	132025	114307	44070	65974	43
1026	20961	49327	21	50328	76090	72783	69828	120929	357
1027	32766	168738	27	66250	107561	100065	64133	105276	331
1028	32728	114651	24	70011	117377	107200	70880	126584	564
1029	32175	102365	23	31664	45349	43975	21515	30020	213
1030	26624	70439	22	61867	98092	92194	38989	57504	290
1031	3910	6402	16	68649	113639	104580	46201	69511	182
1032	32765	132136	25	35773	51733	50037	43372	64396	285
1033	26334	62460	22	36473	52722	51002	45318	68163	378
1034	11458	21141	19	53636	81993	78119	8368	11339	257
1035	12684	21572	19	43599	64341	61839	46210	69388	197
1036	32727	142413	26	51517	78175	74738	1881	2500	100
1037	32175	94939	23	48568	72684	69597	29585	42132	243
1038	32729	160368	26	38254	55519	53666	7711	10436	164
1039	10907	18494	19	5123	6938	6793	26714	37765	191
1040	2012	2942	15	56689	87886	83349	61278	98448	401
1041	26376	63531	22	17264	23927	23356	72412	145124	736
1042	32725	107326	24	24233	34027	33138	26712	37970	236
1043	29970	83252	23	7445	10142	9931	29333	42036	95
1044	29973	90114	23	19347	26914	26251	57402	90482	203
1045	29970	83083	23	27146	38379	37343	54022	83891	201
1046	8174	13356	18	53018	80895	77206	28071	40153	142
1047	32764	123917	25	60459	95008	89383	16445	22634	201
1048	32764	167230	27	22239	31109	30303	5878	7835	445
1049	32729	111144	24	15942	22091	21564	34616	50183	474
1050	4591	8339	16	7539	10310	10076	11447	15671	246
1051	32175	101488	23	22966	32231	31383	42965	63774	123
1052	17927	40132	20	34884	50298	48698	69870	121480	382
1053	21289	54040	21	34824	49967	48487	14460	20070	145
1054	32764	156831	27	14247	19718	19263	44149	66109	239
1055	5224	8480	17	71963	123910	111003	66730	112099	513
1056	26170	60754	22	70092	117536	107370	2612	3472	120
1057	32765	127163	25	38280	55709	53805	7825	10550	99
1058	32728	178217	28	54203	82961	79022	36211	52835	208
1059	32728	144723	26	13494	18583	18140	61404	99054	366
1060	26523	68016	22	61831	98021	92130	8300	11193	62
1061	32725	156949	26	16477	22813	22250	8137	10972	420
1062	32729	151921	26	72939	128157	113008	62417	101547	180
1063	32728	156494	26	71383	121489	109918	72193	139339	660
1064	22686	51242	21	11985	16578	16197	26074	36835	157
1065	32727	109911	24	72547	125942	112100	6277	8512	116
1066	29973	74492	23	69808	116693	106823	14789	20324	159
1067	32728	111265	24	18537	25792	25156	70969	127085	218
1068	32728	114611	24	26437	37276	36280	30203	43328	220
1069	32728	172054	28	59554	93241	88168	34490	50107	426
1070	12660	26495	19	42576	62698	60397	3388	4545	99
1071	32764	119111	25	27738	39376	38243	62998	102809	179
1072	29973	77991	23	9511	12992	12707	56410	88406	131
1073	26613	73082	22	73568	145376	110454	71444	129475	342
1074	32764	169383	27	26910	38086	37017	43093	64229	269
1075	20676	44701	21	31457	45039	43659	31743	45618	243
1076	3789	6035	16	41308	60629	58436	40177	59392	246
1077	26184	62052	22	3079	4190	4102	36162	52815	134
1078	32763	134054	25	2120	2885	2829	69741	120698	305
1079	32725	101192	24	67251	110092	102024	71922	130674	370
1080	15989	29938	20	55237	84836	80752	44831	67202	180
1081	32728	156615	26	37006	53371	51722	54279	84366	172
1082	32175	97410	23	56232	86613	82179	71361	129674	179
1083	32766	121514	25	68895	114398	105061	50605	77533	129
1084	26560	72020	22	43685	64482	61976	24370	34412	290
1085	32727	145845	26	13643	18775	18330	58048	92256	200
1086	26828	78110	22	11302	15526	15156	67943	115285	78
1087	29970	86220	23	67257	109997	101945	50269	76878	147
1088	29969	80190	23	60690	95561	89813	70115	123970	417
1089	16570	32395	20	40298	58964	56908	71312	127099	294
1090	32728	142442	26	8723	11909	11650	49897	76191	246
1091	32725	174112	28	38825	56606	54660	48597	73996	226
1092	32763	129086	25	31976	45834	44413	58814	93194	167
1093	32766	129261	25	53460	81696	77837	46713	70391	287
1094	21202	52992	21	44581	66088	63565	67725	114592	229
1095	3624	5560	16	34873	50044	48554	26974	38458	160
1096	32175	171840	27	72586	126260	112281	24318	34204	127
1097	32766	131076	25	60400	94988	89651	66875	112331	215
1098	32763	177593	29	68616	113336	104587	48392	73460	239
1099	20130	39627	21	65004	104825	97549	35240	51171	239
1100	32727	144920	26	59060	92387	87316	25000	35334	150
1101	32725	151718	26	11140	15286	14930	55912	87808	198
1102	5142	8218	17	24851	34988	34061	60801	97821	355
1103	32765	121621	25	52257	79523	75947	25146	35433	183
1104	26467	65859	22	7210	9806	9602	39424	58219	338
1105	3083	5262	15	60657	95479	89761	33701	48596	127
1106	32725	172717	28	13914	19168	18710	64726	106803	182
1107	26738	76422	22	9422	12881	12600	59792	95575	656
1108	20703	45660	21	7881	10760	10519	24641	34678	367
1109	32175	129919	25	3246	4427	4333	53595	82897	327
1110	32175	84922	23	52863	80525	76657	55047	85595	509
1111	18203	42366	20	7823	10682	10442	70742	125669	580
1112	32763	162753	27	62531	99494	93395	57876	91362	203
1113	3746	5927	16	22462	31448	30630	20184	28216	378
1114	32764	177248	29	35907	51873	50199	33224	47936	379
1115	1994	2898	15	45641	67727	65001	60611	97412	423
1116	32763	180146	29	4571	6191	6061	63581	103842	439
1117	29973	82897	23	10036	13729	13421	72304	134034	265
1118	32729	154814	26	71869	123582	110810	32720	47124	208
1119	26445	69137	22	59130	92381	87144	5439	7332	330
1120	32765	137071	25	69135	114628	105525	16533	22819	67
1121	6336	10472	17	57175	88457	83753	25574	36095	281
1122	32765	168929	27	27900	39568	38451	54973	85594	271
1123	9703	18706	18	8160	11105	10866	51255	78732	182
1124	32175	106280	23	57414	88987	84201	16015	22019	369
1125	32729	146094	26	51909	78763	75064	38600	56635	572
1126	26828	78157	22	73879	137950	114356	30799	44381	280
1127	20225	40384	21	73636	133692	114381	24230	34118	271
1128	32175	128036	25	36446	52683	50965	70573	124768	299
1129	32729	149512	26	48097	71835	68800	45559	68552	318
1130	1901	3302	14	57518	89229	84386	33149	47843	214
1131	32728	144679	26	29635	42051	40892	5926	8031	298
1132	12455	25376	19	59205	92539	87287	55209	86399	177
1133	32729	150200	26	24539	34544	33624	32634	46998	284
1134	12634	26364	19	66062	107241	99759	26029	36824	421
1135	32728	100030	24	37921	54796	53080	48888	74314	128
1136	26761	73336	22	67738	111308	102950	29519	42402	210
1137	5138	8214	17	23938	33610	32725	37563	54991	119
1138	32765	139153	25	20029	27871	27181	23746	33326	197
1139	6203	11587	17	71019	120124	109159	59791	95541	135
1140	26396	65397	22	8672	11828	11570	9543	12899	174
1141	9143	16824	18	32440	46519	45106	50823	78100	444
1142	32729	174791	28	17086	23693	23126	64267	105687	252
1143	32725	153912	26	68047	112059	103534	45055	67646	380
1144	32727	107677	24	47983	71862	68902	27878	39853	162
1145	32175	99935	23	51596	78187	74541	40283	59188	159
1146	32175	136757	25	48262	72144	69087	53861	83394	341
1147	16587	32526	20	65102	105043	98000	63067	102964	184
1148	29973	86135	23	72915	127220	112897	16374	22567	201
1149	20494	42549	21	25949	36670	35679	37311	54469	107
1150	32765	130577	25	32669	46899	45443	70687	125024	483
1151	32175	98255	23	12698	17546	17145	34350	49613	161
1152	5923	9203	17	50351	75870	72479	59879	95690	215
1153	11354	20610	19	70501	118739	108185	17423	24329	481
1154	32175	104622	23	24883	35033	34105	66126	110370	445
1155	32728	114421	24	29337	41631	40486	67115	113099	236
1156	32764	158577	27	51140	77387	73809	72169	143116	523
1157	15801	28808	20	71519	122113	110130	47814	72532	266
1158	32725	160153	26	65294	105449	98346	57579	91182	188
1159	32727	121739	24	39837	58226	56200	58096	92333	240
1160	20234	40412	21	50459	76317	72987	34146	49439	349
1161	26746	76212	22	13870	19199	18756	72412	139578	284
1162	32763	123400	25	22079	30877	30099	10658	14508	103
1163	32727	113268	24	12785	17596	17172	36228	52968	172
1164	26420	68064	22	45142	66871	64364	67836	115352	500
1165	32763	159763	27	29313	41758	40521	68069	115643	223
1166	2868	4657	15	45339	67200	64515	12605	17150	135
1167	16720	34709	20	64517	103786	96966	22917	32319	104
1168	32175	136028	25	42399	62301	59957	61320	98860	155
1169	16378	32436	20	70625	119049	108420	48184	72955	430
1170	32725	156560	26	19038	26485	25830	55259	86473	206
1171	32766	168840	27	59246	92638	87629	16105	22422	287
1172	32727	143334	26	38524	56108	54186	66136	110159	196
1173	32728	109103	24	73415	130029	114016	54731	85240	358
1174	32765	119201	25	67783	111425	103039	66031	109556	381
1175	12540	25845	19	66202	107698	99853	15640	21497	155
1176	32766	168767	27	38936	56457	54657	60585	97251	341
1177	32729	176672	28	3823	5189	5078	28565	40655	178
1178	26561	69130	22	66601	108516	100776	66630	112020	224
1179	15754	28706	20	73340	130777	113868	16807	23339	296
1180	2529	4291	15	19130	26611	25959	2567	3450	111
1181	32175	97273	23	73568	135580	114367	32680	46994	195
1182	26828	77987	22	20090	27952	27260	45592	68744	104
1183	32729	176770	28	6472	8813	8622	71472	129664	194
1184	32766	130888	25	71861	122957	110877	46024	69227	193
1185	20093	39093	21	7077	9632	9431	15354	21171	125
1186	32763	116935	25	5430	7373	7219	72567	146215	339
1187	19939	38188	21	59857	93971	88649	1141	1535	41
1188	15901	29499	20	22922	32062	31254	67354	113847	166
1189	32764	161447	27	73467	133007	114093	28989	41329	129
1190	16647	34085	20	66173	107399	99922	45656	68573	138
1191	2484	4170	15	155	197	195	63481	103589	329
1192	32175	105954	23	57966	90088	85163	33541	48361	119
1193	29976	88803	23	35433	51194	49537	59911	95539	339
1194	16347	32056	20	60741	95655	89896	71889	132712	460
1195	32765	137920	25	22291	31174	30385	66510	110877	141
1196	1448	2099	14	33361	47937	46452	44977	67746	470
1197	29970	93609	23	46767	69577	66913	46410	69883	251
1198	4879	7463	17	44940	66691	64123	64810	106777	429
1199	32763	178311	29	2579	3506	3435	20842	29071	325
1200	26183	61823	22	54554	83739	79724	15621	21486	164
1201	12582	26172	19	65513	105949	98755	39023	57197	179
1202	21260	53706	21	59363	92836	87543	2062	2736	69
1203	26004	58247	22	33993	48912	47388	70539	124772	326
1204	29973	75625	23	61875	98107	92209	21731	30400	389
1205	29970	75592	23	32625	46518	45219	71312	129283	265
1206	32175	90743	23	16178	22418	21887	25022	35272	107
1207	29976	73077	23	16003	22126	21587	70219	122924	389
1208	29973	78837	23	70192	117880	107585	53647	82999	209
1209	32727	106210	24	64625	104012	97142	68365	116569	160
1210	32175	145118	25	5632	7673	7507	39508	57860	33
1211	32728	116183	24	73556	132695	114338	67052	112862	140
1212	32765	119316	25	55921	86395	82049	54675	84941	189
1213	16412	31684	20	31604	45258	43864	19942	27838	388
1214	32763	134378	25	67896	111673	103249	23940	33698	227
1215	32766	165216	27	5402	7328	7175	15568	21658	189
1216	32175	96391	23	67336	110628	101981	23979	33678	155
1217	5232	8488	17	50160	75790	72503	72030	130586	127
1218	26828	76926	22	70822	119769	108794	2375	3156	90
1219	32765	177498	29	60438	95128	89655	70935	126047	147
1220	26205	60816	22	21448	29944	29198	52530	81101	208
1221	26471	70622	22	72494	125685	112124	33761	49007	180
1222	8892	15710	18	60677	95598	90070	1529	2021	72
1223	32728	100144	24	30539	43380	42192	59469	94881	500
1224	29970	76936	23	42255	61933	59769	50147	76656	309
1225	32729	152150	26	66163	107613	99778	33636	48603	200
1226	29970	74383	23	47479	70864	68059	38373	56359	77
1227	32728	148218	26	10946	15004	14658	22677	31955	136
1228	32763	139950	25	31450	45021	43641	69486	119830	203
1229	17626	37733	20	18898	26287	25636	6660	8953	340
1230	32764	161461	27	63873	102441	95563	70804	127321	297
1231	32175	94079	23	73007	128462	113147	64622	106486	395
1232	21197	53003	21	46786	69604	66939	24124	34102	61
1233	32175	90464	23	59973	94084	88581	53029	81795	247
1234	32725	105780	24	45406	67441	64826	8660	11682	118
1235	32175	147085	25	44546	65834	63253	72379	142800	653
1236	32727	105388	24	5506	7472	7316	42755	63932	250
1237	32763	159849	27	73166	128567	113347	63821	104413	479
1238	32728	173854	28	70880	119751	108896	39508	58319	286
1239	5707	10052	17	21286	29710	28969	41282	61263	163
1240	32725	99714	24	9912	13547	13248	68687	117841	390
1241	32728	120778	24	46652	69394	66732	42225	62869	100
1242	9435	17756	18	26216	36964	35976	60563	97169	310
1243	32764	123071	25	28507	40543	39371	70718	127009	229
1244	32728	113128	24	52420	79770	76092	40881	60554	144
1245	11507	21319	19	32514	46665	45219	32642	47156	221
1246	32728	160586	26	3421	4664	4566	19396	27215	112
1247	29969	87898	23	35055	50604	48985	50855	78289	169
1248	32765	128034	25	71980	123897	111011	67496	113927	183
1249	32729	172812	28	72441	125670	112000	69133	119031	450
1250	8700	15169	18	64695	104167	96978	70477	124552	242
1251	21224	53381	21	70514	118781	108207	34820	50622	473
1252	32765	136916	25	57402	89284	84571	44536	66417	107
1253	9519	18111	18	39468	57303	55448	12999	17972	152
1254	29973	75979	23	2883	3917	3837	15766	21695	303
1255	26288	64078	22	45151	67051	64450	22114	31079	180
1256	32729	119283	24	63251	101138	94428	72279	136189	242
1257	32728	99469	24	72353	124981	111872	8487	11520	342
1258	17395	38678	20	38544	55803	54034	43236	64522	462
1259	32729	107022	24	66942	109577	101228	63051	102937	238
1260	32175	135359	25	38766	56367	54443	56541	88664	247
1261	26737	75934	22	40542	59103	57126	42422	63185	338
1262	20933	48746	21	69392	115402	106001	27709	39256	265
1263	21263	53675	21	62648	99731	93593	69140	118803	243
1264	32764	128516	25	69292	115509	105713	33515	48448	371
1265	21090	51693	21	67624	111063	102743	68681	117408	159
1266	32727	151085	26	49692	74894	71676	36590	53547	440
1267	16572	33607	20	17355	24067	23468	63751	104365	276
1268	29970	85186	23	37396	53962	52289	72205	139495	647
1269	9691	18667	18	64235	103225	96182	55055	86020	234
1270	29969	93718	23	58316	90765	85763	48365	73690	683
1271	12480	25613	19	68792	114240	104749	44487	66687	387
1272	21110	51433	21	35249	50865	49241	48147	73293	361
1273	26454	70015	22	20367	28348	27648	41805	62128	220
1274	32763	125902	25	37275	54099	52269	4638	6265	93
1275	32728	114095	24	39620	57564	55682	60145	96297	304
1276	15827	28961	20	67283	110186	102088	1062	1397	116
1277	32725	121196	24	49890	75280	72026	32727	47398	188
1278	20650	44673	21	50118	75721	72435	19694	27332	485
1279	32766	165828	27	8635	11783	11527	50835	77939	337
1280	17759	40173	20	68771	113987	104808	4379	5931	492
1281	26094	59439	22	24131	33883	33000	44623	67145	190
1282	32175	99894	23	70331	118270	107737	72320	138781	485
1283	32725	111553	24	61389	97092	91332	68446	117050	204
1284	32175	136921	25	52763	80342	76491	30751	43964	119
1285	16868	36056	20	23123	32356	31538	63225	103046	274
1286	29954	72002	23	40034	58538	56499	25037	35277	103
1287	32764	131081	25	4638	6290	6157	71606	131532	467
1288	32725	113643	24	49436	74366	71216	72528	136160	162
1289	29976	85395	23	6829	9293	9099	21031	29287	151
1290	32729	157477	26	45948	68222	65458	14628	20199	136
1291	32725	108288	24	6933	9428	9232	10684	14478	130
1292	32175	100681	23	63797	102291	95425	8556	11486	109
1293	32725	149385	26	73375	130608	113762	53902	83775	426
1294	8025	12874	18	69331	115252	105890	1023	1344	94
1295	32175	96268	23	10431	14324	14009	16643	22919	147
1296	16870	35882	20	18096	25118	24508	44120	66068	552
1297	32175	140555	25	68912	114529	104985	7432	9964	279
1298	17758	38572	20	1407	1874	1838	2317	3076	24
1299	32766	121416	25	46612	69325	66665	25226	35805	101
1300	13414	25121	19	14504	20066	19603	13541	18484	87
1301	32728	147328	26	16366	22642	22092	881	1163	158
1302	32765	139728	25	11552	15874	15495	13321	18264	129
1303	23197	60645	21	50142	75489	72127	60363	96760	197
1304	32728	158401	26	11529	15853	15476	67016	112751	136
1305	9928	19523	18	61383	97016	91388	70837	126316	580
1306	4079	6956	16	3577	4865	4762	50966	78356	460
